{
  "model_type": "LogisticRegression",
  "features": [
    "attendance_percentage",
    "quiz_average",
    "assignment_average",
    "midterm_score",
    "participation_score",
    "study_hours_per_week",
    "previous_gpa"
  ],
  "classes": [
    "A",
    "B",
    "C",
    "D"
  ],
  "coefficients": [
    [
      0.07666908644800341,
      0.12850499194052967,
      0.1359348912954971,
      0.13497197538791478,
      0.5789928649403255,
      -0.019806155528973468,
      0.0087758514968726
    ],
    [
      -0.005592355888271522,
      -0.01480126345502404,
      -0.013364815874573685,
      0.002347263119482984,
      -0.05099084997826823,
      -0.017190997417603816,
      0.23656608680455712
    ],
    [
      -0.0476528826681167,
      -0.06947115502729527,
      -0.07417736811713506,
      -0.07812436395976041,
      -0.29977498093586435,
      0.02798645003625081,
      -0.3827496606906896
    ],
    [
      -0.1563720354281107,
      -0.17913855710768475,
      -0.09721775136312384,
      -0.1667477667118137,
      -0.8600657463031558,
      -0.12699951727838815,
      -0.36546101989777
    ]
  ],
  "intercept": [
    -47.92693784469252,
    2.58852492772674,
    23.873540163595898,
    49.94501858098311
  ]
}