{
  "model_type": "LogisticRegression",
  "features": [
    "attendance_percentage",
    "quiz_average",
    "assignment_average",
    "midterm_score",
    "participation_score",
    "study_hours_per_week",
    "previous_gpa"
  ],
  "classes": [
    "Fail",
    "Pass"
  ],
  "coefficients": [
    [
      -0.17511056766411348,
      -0.17597424630325112,
      -0.08916400152086613,
      -0.1706998520078151,
      -0.7916334942575497,
      -0.08726520792688772,
      -0.22841806911425805
    ],
    [
      0.17511056766411348,
      0.17597424630325112,
      0.08916400152086613,
      0.1706998520078151,
      0.7916334942575497,
      0.08726520792688772,
      0.22841806911425805
    ]
  ],
  "intercept": [
    49.68353643288731,
    -49.68353643288731
  ]
}